name,url
members.html,https://oatml.cs.ox.ac.uk/members.html/./members.html
yarin,https://oatml.cs.ox.ac.uk/members.html//members/yarin/
yi_ren,https://oatml.cs.ox.ac.uk/members.html//members/yi_ren/
hao_fei,https://oatml.cs.ox.ac.uk/members.html//members/hao_fei/
yihong_chen,https://oatml.cs.ox.ac.uk/members.html//members/yihong_chen/
lin_li,https://oatml.cs.ox.ac.uk/members.html//members/lin_li/
zihuiwen_ye,https://oatml.cs.ox.ac.uk/members.html//members/zihuiwen_ye/
anushka_nair,https://oatml.cs.ox.ac.uk/members.html//members/anushka_nair/
yoav_gelberg,https://oatml.cs.ox.ac.uk/members.html//members/yoav_gelberg/
xander_davies,https://oatml.cs.ox.ac.uk/members.html//members/xander_davies/
yonatan_gideoni,https://oatml.cs.ox.ac.uk/members.html//members/yonatan_gideoni/
matthew_kearney,https://oatml.cs.ox.ac.uk/members.html//members/matthew_kearney/
luckeciano_carvalho_melo,https://oatml.cs.ox.ac.uk/members.html//members/luckeciano_carvalho_melo/
shreshth_malik,https://oatml.cs.ox.ac.uk/members.html//members/shreshth_malik/
ruben_weitzman,https://oatml.cs.ox.ac.uk/members.html//members/ruben_weitzman/
muhammed_razzak,https://oatml.cs.ox.ac.uk/members.html//members/muhammed_razzak/
diana_verley,https://oatml.cs.ox.ac.uk/members.html//members/diana_verley/
gabriel_jones,https://oatml.cs.ox.ac.uk/members.html//members/gabriel_jones/
augusto_correa,https://oatml.cs.ox.ac.uk/members.html//members/augusto_correa/
ilia_shumailov,https://oatml.cs.ox.ac.uk/members.html//members/ilia_shumailov/
pascal_notin,https://oatml.cs.ox.ac.uk/members.html//members/pascal_notin/
panagiotis_tigas,https://oatml.cs.ox.ac.uk/members.html//members/panagiotis_tigas/
sergio_calvoordonez,https://oatml.cs.ox.ac.uk/members.html//members/sergio_calvoordonez/
suhaas_bhat,https://oatml.cs.ox.ac.uk/members.html//members/suhaas_bhat/
hazel_kim,https://oatml.cs.ox.ac.uk/members.html//members/hazel_kim/
freddie_bickford_smith,https://oatml.cs.ox.ac.uk/members.html//members/freddie_bickford_smith/
katrina_dickson,https://oatml.cs.ox.ac.uk/members.html//members/katrina_dickson/
tom_rainforth,https://oatml.cs.ox.ac.uk/members.html//members/tom_rainforth/
Tiarnan_Doherty,https://oatml.cs.ox.ac.uk/members.html//members/Tiarnan_Doherty/
sebastian_farquhar,https://oatml.cs.ox.ac.uk/members.html//members/sebastian_farquhar/
lisa_schut,https://oatml.cs.ox.ac.uk/members.html//members/lisa_schut/
lukas_aichberger,https://oatml.cs.ox.ac.uk/members.html//members/lukas_aichberger/
kunal_handa,https://oatml.cs.ox.ac.uk/members.html//members/kunal_handa/
kelsey_doerksen,https://oatml.cs.ox.ac.uk/members.html//members/kelsey_doerksen/
gunshi_gupta,https://oatml.cs.ox.ac.uk/members.html//members/gunshi_gupta/
tim_rudner,https://oatml.cs.ox.ac.uk/members.html//members/tim_rudner/
tuan_nguyen,https://oatml.cs.ox.ac.uk/members.html//members/tuan_nguyen/
lorenz_kuhn,https://oatml.cs.ox.ac.uk/members.html//members/lorenz_kuhn/
jishnu_mukhoti,https://oatml.cs.ox.ac.uk/members.html//members/jishnu_mukhoti/
jannik_kossen,https://oatml.cs.ox.ac.uk/members.html//members/jannik_kossen/
jan_brauner,https://oatml.cs.ox.ac.uk/members.html//members/jan_brauner/
freddie_kalaitzis,https://oatml.cs.ox.ac.uk/members.html//members/freddie_kalaitzis/
angus_nicolson,https://oatml.cs.ox.ac.uk/members.html//members/angus_nicolson/
andrew_jesson,https://oatml.cs.ox.ac.uk/members.html//members/andrew_jesson/
soren_mindermann,https://oatml.cs.ox.ac.uk/members.html//members/soren_mindermann/
laura_gisseleore,https://oatml.cs.ox.ac.uk/members.html//members/laura_gisseleore/
joost_van_amersfoort,https://oatml.cs.ox.ac.uk/members.html//members/joost_van_amersfoort/
clare_lyle,https://oatml.cs.ox.ac.uk/members.html//members/clare_lyle/
andreas_kirsch,https://oatml.cs.ox.ac.uk/members.html//members/andreas_kirsch/
aidan_gomez,https://oatml.cs.ox.ac.uk/members.html//members/aidan_gomez/
angelos_filos,https://oatml.cs.ox.ac.uk/members.html//members/angelos_filos/
robin_ru,https://oatml.cs.ox.ac.uk/members.html//members/robin_ru/
neil_band,https://oatml.cs.ox.ac.uk/members.html//members/neil_band/
milad_alizadeh,https://oatml.cs.ox.ac.uk/members.html//members/milad_alizadeh/
lewis_smith,https://oatml.cs.ox.ac.uk/members.html//members/lewis_smith/
Lood_van_Niekerk,https://oatml.cs.ox.ac.uk/members.html//members/Lood_van_Niekerk/
lars_holdijk,https://oatml.cs.ox.ac.uk/members.html//members/lars_holdijk/
atilim_gunes_baydin,https://oatml.cs.ox.ac.uk/members.html//members/atilim_gunes_baydin/
mizu_nishikawa_toomey,https://oatml.cs.ox.ac.uk/members.html//members/mizu_nishikawa_toomey/
oscar_key,https://oatml.cs.ox.ac.uk/members.html//members/oscar_key/
challenger_mishra,https://oatml.cs.ox.ac.uk/members.html//members/challenger_mishra/
zac_kenton,https://oatml.cs.ox.ac.uk/members.html//members/zac_kenton/
